{
  "Q3.1.1" : {
    "GlobalAverageRating" : 3.52986
  },
  "Q3.1.2" : {
    "UsersAverageRating" : {
      "min" : 1.4919540229885058,
      "max" : 4.869565217391305,
      "average" : 3.5881911071847963
    },
    "AllUsersCloseToGlobalAverageRating" : false,
    "RatioUsersCloseToGlobalAverageRating" : 0.7539766702014846
  },
  "Q3.1.3" : {
    "ItemsAverageRating" : {
      "min" : 1.0,
      "max" : 5.0,
      "average" : 3.0760445083251815
    },
    "AllItemsCloseToGlobalAverageRating" : false,
    "RatioItemsCloseToGlobalAverageRating" : 0.4821640903686088
  }
}